"","idshava","name","photo","right_addres","coord1","coord2","district"
"1","id2010","Doner Kebab","-","Авиаконструкторов проспект, 6",30.243539,60.01112,"Приморский район"
"2","id2210","Ketch Up Burgers","https://pp.userapi.com/c633723/v633723027/39226/qKOL125L1A8.jpg","Литейный проспект, 59",30.346856,59.9342,"Центральный район"
"3","id2025","Шахерезада","-","Балканская площадь, 5 лит И, ТРК Балканский 1, фудкорт",30.380186,59.828858,"Фрунзенский район"
"4","id1048","Гранада","https://pp.userapi.com/c836335/v836335204/65bf/U363DOs-8Uo.jpg","Рубинштейна, 11",30.344055,59.92994,"Центральный район"
"5","id1049","CORNER KEBAB","https://pp.userapi.com/c630829/v630829670/41ad9/XVMhEceFu9Y.jpg","Рубинштейна, 4",30.346119,59.932206,"Центральный район"
"6","id1050","Бекицер","-","Рубинштейна, 40/11",30.342746,59.926648,"Центральный район"
"7","id2289","У Захара","https://pp.userapi.com/c636229/v636229233/128f6/n5qyHGGWb3w.jpg","Новочеркасский проспект, 39/2",30.410141,59.929919,"Красногвардейский район"
"8","id2168","Шаверма","https://pp.userapi.com/c631427/v631427360/2852e/6IzIvMFGwN8.jpg","Крыленко, 21Б",30.476791,59.897242,"Невский район"
"9","id1056","Шаверма","https://pp.userapi.com/c631424/v631424263/24c24/3Chrma34qWE.jpg","Сенная площадь",30.3181,59.927617,"Адмиралтейский район"
"10","id2206","Аль-Шарк","https://pp.userapi.com/c627120/v627120889/233ab/2_KZ6dNveMo.jpg","Лиговский проспект, 67",30.357769,59.926913,"Центральный район"
"11","id2055","Кебаб Шаверма","-","Большевиков проспект, 71к1",30.478834,59.878033,"Невский район"
"12","id2233","Шаверма у Ромы","-","Матвеева переулок, 5а",30.292412,59.926003,"Адмиралтейский район"
"13","id2073","Коко Шаурма","https://pp.userapi.com/c631923/v631923495/21f54/2i1vA74AY7A.jpg","Васи Алексеева, 6, ТРК Румба, фудкорт",30.265726,59.880013,"Кировский район"
"14","id2214","Шаверма у Джамала","https://pp.userapi.com/c622620/v622620405/4b492/-H6gSwrzjyM.jpg","Ломоносова, 2",30.326017,59.933079,"Центральный район"
"15","id2192","PitaGrill","https://pp.userapi.com/c636822/v636822154/4bc37/vCX3wJ10EIs.jpg","Ленсовета, 87 к1",30.34301,59.835612,"Московский район"
"16","id2019","Донер-Кебаб","https://pp.userapi.com/c637719/v637719548/1f6f8/eV3zDDMwPJU.jpg","Афонская, 18а",30.302704,60.028562,"Приморский район"
"17","id2298","Шаверма","-","Оптиков 24/42",30.207909,60.000368,"Приморский район"
"18","id2119","Египетский WoW у Адама","https://pp.userapi.com/c837328/v837328086/126eb/c7mnURqJZW0.jpg","Звёздная, 14",30.363198,59.835242,"Московский район"
"19","id2142","Али-Баба","https://pp.userapi.com/c836120/v836120352/17b6a/t6uyPF0G1NU.jpg","Коломяжский проспект, 26а",30.297093,60.00422,"Приморский район"
"20","id2033","Doner Kebab","https://pp.userapi.com/c836735/v836735467/5e83/LbOFv5Wfq5E.jpg","Бассейная, 65",30.338526,59.864274,"Московский район"
"21","id2030","Doner Kebab","https://pp.userapi.com/c627420/v627420583/1865a/xvI8KYiqj_c.jpg","Бассейная, 12Б",30.315114,59.866202,"Московский район"
"22","id2032","Бистро","https://pp.userapi.com/c630217/v630217488/1487b/SJINqyu8w9I.jpg","Бассейная, 41д",30.322001,59.865083,"Московский район"
"23","id2118","Дилижанс","https://pp.userapi.com/c636919/v636919670/22a0c/0kXlLpGtYqA.jpg","Заставская, 28",30.324473,59.888714,"Московский район"
"24","id2241","Бистро","-","Московский проспект, 105 к2",30.318333,59.890908,"Московский район"
"25","id2125","Мастер Кебаб","-","Испытателей проспект, 9А",30.297329,60.00348,"Приморский район"
"26","id2266","Шаверма","https://pp.userapi.com/c627221/v627221764/13e0f/0tjAVH2lO_k.jpg","Науки проспект, 14Б",30.40114,60.012707,"Калининский район"
"27","id2386","Shawarma Store","https://pp.userapi.com/c638824/v638824731/216a6/ZAoL1xUdGs4.jpg","Энтузиастов проспект, 33 к1 лит А",30.479836,59.948284,"Красногвардейский район"
"28","id2306","Малая Одесса","https://pp.userapi.com/c836725/v836725764/25a51/e92OXBT6ZAw.jpg","Пестеля, 13-15",30.342888,59.94152,"Центральный район"
"29","id2329","Мастер Кебаб","https://pp.userapi.com/c615818/v615818125/36da/evp1PGmgBMI.jpg","Торфяная дорога, 2 к1",30.254772,59.988639,"Приморский район"
"30","id2277","PITA'S","-","Невский проспект, 65",30.353235,59.931813,"Центральный район"
"31","id2044","Шаурма","https://pp.userapi.com/c622620/v622620548/40143/1Z8n79kIcGk.jpg","Большая Зеленина, 13",30.293769,59.961097,"Петроградский район"
"32","id2137","Андалузия","https://pp.userapi.com/c638921/v638921141/44f00/bXGpPQvE1SU.jpg","Кирочная, 28",30.359729,59.944167,"Центральный район"
"33","id2222","Шаверма","https://pp.userapi.com/c636931/v636931085/6230/TJxr0PaBMbo.jpg","Малый проспект П.С., 4",30.288411,59.954177,"Петроградский район"
"34","id2335","Шаверма","https://pp.userapi.com/c626520/v626520569/1df28/pYdqBvlYMCw.jpg","Туристская, 15б",30.206044,59.996424,"Курортный район"
"35","id1082","Кафе Бистро 24 часа","https://pp.userapi.com/c615831/v615831251/f12f/aGnE3jlbn8g.jpg","Стародеревенская, 8 к4",30.244418,59.997925,"Приморский район"
"36","id2090","GIROS","https://pp.userapi.com/c636530/v636530193/39995/YDMTmJcJBsE.jpg","Гороховая, 50",30.326814,59.926214,"Центральный район"
"37","id1025","Шахерезада","https://pp.userapi.com/c631427/v631427121/26fc2/vwWpSfWEDVo.jpg","пос. Мурино, Привокзальная площадь, 5",29.928703,59.86474,"Петродворцовый район"
"38","id2328","Мастер Кебаб","https://pp.userapi.com/c628718/v628718279/2318e/3oeyU353nvI.jpg","Торжковская, 1",30.303763,59.98658,"Приморский район"
"39","id1018","Шаверма 24","-","пос. Мурино, Привокзальная площадь, 3а",29.927949,59.864427,"Петродворцовый район"
"40","id1027","Картаго","https://pp.userapi.com/c638922/v638922308/22454/5Vkr50100ic.jpg","Приморский проспект 72, ТРЦ Питерлэнд, фудкорт",30.209215,59.981377,"Приморский район"
"41","id2047","Пиццерия Шаурма","https://pp.userapi.com/c636530/v636530204/203de/BsP9fYfxX6w.jpg","Большая Московская, 1",30.347063,59.92771,"Центральный район"
"42","id2115","Кафе Бистро","https://pp.userapi.com/c638322/v638322567/2899d/CFo9MvmY7Rk.jpg","Загородный проспект, 24",30.341204,59.925526,"Центральный район"
"43","id2110","Канари","https://pp.userapi.com/c627221/v627221764/13d3c/PAlQeC4aXJ8.jpg","Есенина, 5б, ТОК Ярус",30.331488,60.037194,"Выборгский район"
"44","id2153","Хорошая шаверма","https://pp.userapi.com/c837231/v837231283/1a9b2/a-DzN2J8Iqw.jpg","Кораблестроителей, 35",30.223628,59.954667,"Василеостровский район"
"45","id2371","Шаверма","https://pp.userapi.com/c636930/v636930587/33604/gKgWslcBraA.jpg","Щербакова, 4а",30.302448,60.028985,"Приморский район"
"46","id2217","Хорошая шаверма","https://pp.userapi.com/c628426/v628426217/12fbf/bMxvQGZo-G8.jpg","Луначарского проспект, 76 к2",30.364449,60.03694,"Выборгский район"
"47","id1081","Золотой гвоздь","-","Средний проспект В.О., 42",30.274607,59.941618,"Василеостровский район"
"48","id1002","Ларёк","https://pp.userapi.com/c836431/v836431700/1654/qK-MaKYhsIA.jpg","Петергофское шоссе, 3",30.205313,59.847335,"Красносельский район"
"49","id2005","Бистро","https://pp.userapi.com/c627417/v627417240/1f054/EhbbMcsRP14.jpg","6-я линия В.О., 27",30.279991,59.942591,"Василеостровский район"
"50","id2098","1818","https://pp.userapi.com/c631724/v631724230/3d8e8/hb7BsQAJ0zA.jpg","Декабристов, 31",30.291922,59.925904,"Адмиралтейский район"
"51","id2132","Бистро","https://pp.userapi.com/c630223/v630223368/2adc4/z0_nXJRooyg.jpg","Кантемировская, 27Б",30.345873,59.985237,"Выборгский район"
"52","id2086","Чайная ложка","https://pp.userapi.com/c638921/v638921141/44eaf/tijby7zns6U.jpg","Выборгское шоссе, 11, Лента",30.314917,60.047119,"Выборгский район"
"53","id1035","Лучшая шаверма","https://pp.userapi.com/c630122/v630122480/44036/XjHURHCN85s.jpg","Просвещения проспект, 3а",30.328876,60.053972,"Выборгский район"
"54","id2363","Андалузия","https://pp.userapi.com/c633317/v633317142/3bd5b/Cnvdg-yjVoQ.jpg","Чернышевского, 22",30.359729,59.944167,"Центральный район"
"55","id2201","Отдых","https://pp.userapi.com/c630820/v630820046/209a3/DFBIm6FXjcA.jpg","Лиговский проспект, 161б",30.349289,59.914104,"Фрунзенский район"
"56","id2216","Лучшая шаверма","https://pp.userapi.com/c604519/v604519268/d2fd/OG0D5yCXXwg.jpg","Луначарского проспект, 64 к3",30.347856,60.040463,"Выборгский район"
"57","id2122","Шахерезада","https://pp.userapi.com/c636226/v636226819/13821/Nm2OYsqMvg4.jpg","Индустриальный проспект, 24а",30.472347,59.946018,"Красногвардейский район"
"58","id2393","Wаверма's","-","8-я линия В.О., 49",30.275703,59.943041,"Василеостровский район"
"59","id2347","Шаверма в лаваше","https://pp.userapi.com/c633723/v633723266/2fbc7/LEgZ4Q_pE-s.jpg","Фермское шоссе, 35-37",30.312987,60.016765,"Приморский район"
"60","id2360","Шаверма","https://pp.userapi.com/c630223/v630223588/2ebf6/4Ull2-gSfQg.jpg","Черкасова, 6",30.421925,60.026204,"Калининский район"
"61","id2093","Шахерезада","https://pp.userapi.com/c636924/v636924339/b220/hZgXeqfNIc8.jpg","Гражданский проспект, 41 лит Б, ТК Академ-Парк, фудкорт",30.39863,60.01224,"Калининский район"
"62","id1031","Лучшая шаверма","https://pp.userapi.com/c633418/v633418878/3369/bsG2QXqciLM.jpg","Просвещения проспект, 15а",30.329387,60.053791,"Выборгский район"
"63","id2185","Шаверма","-","Ленинский проспект, 147",30.293658,59.851503,"Московский район"
"64","id2107","Оазис","https://pp.userapi.com/c629208/v629208874/37383/thls-eqaQLw.jpg","Енотаевская 13",30.317791,60.016651,"Выборгский район"
"65","id2301","Бистро","https://pp.userapi.com/c628325/v628325451/14031/N-cjA_UYF-Q.jpg","Тореза проспект, 9Б",30.363655,59.999773,"Выборгский район"
"66","id1012","Кафе Шаверма","https://pp.userapi.com/c629408/v629408253/128cf/wWzj1yhcfHc.jpg","Политехническая, 20 к2",30.365204,60.000297,"Выборгский район"
"67","id2165","Симcим","https://pp.userapi.com/c636829/v636829553/1e220/PPvKhKjSvcU.jpg","Кронверкский проспект, 21",30.319272,59.957029,"Петроградский район"
"68","id2113","Дом Шавермы","https://pp.userapi.com/c631930/v631930991/36bae/BW5xWZ9HTW0.jpg","Жуковского, 11",30.35202,59.935835,"Центральный район"
"69","id1072","Мастер Кебаб","https://pp.userapi.com/c626719/v626719527/eeb0/ckgRz1NMAKU.jpg","Смолячкова, 16",30.34701,59.97165,"Выборгский район"
"70","id1055","Шаверма","https://pp.userapi.com/c631424/v631424263/24be3/iGJvDgWz8xk.jpg","Садовая, 42",30.316382,59.925891,"Адмиралтейский район"
"71","id2194","Бистро","https://pp.userapi.com/c623229/v623229784/44d18/1iIeKVO2d4I.jpg","Лесной проспект, 61а к3",30.34529,59.985246,"Выборгский район"
"72","id2304","Шаверма","-","Парголовская, 9",30.015181,60.147663,"Курортный район"
"73","id2195","Шаверма","-","Лесной проспект, 61а к3",30.34529,59.985246,"Выборгский район"
"74","id2211","Шаверма 1","https://pp.userapi.com/c630723/v630723228/3e344/owg1o6GfMfI.jpg","Литейный проспект, 64",30.34846,59.933085,"Центральный район"
"75","id2290","Шаурма","-","Новочеркасский проспект, 43",30.41128,59.928272,"Красногвардейский район"
"76","id2291","Шаверма","-","Новочеркасский проспект, 47а",30.413482,59.926836,"Красногвардейский район"
"77","id2288","Шаверма","-","Новочеркасский проспект, 26",30.4126,59.92978,"Красногвардейский район"
"78","id1071","Бистро 24","https://pp.userapi.com/c633418/v633418529/3c7e8/CBnj96QHDcE.jpg","Тореза проспект, 9Б",30.363655,59.999773,"Выборгский район"
"79","id1033","Бистро","https://pp.userapi.com/c615818/v615818396/2d0d/eGsws9BnfPQ.jpg","Коломяжский проспект, 24д",30.297782,60.001319,"Приморский район"
"80","id2128","Марка","https://pp.userapi.com/c630927/v630927553/1ef6c/Kg9jaGKuJRc.jpg","Каменноостровский проспект, 42",30.3089,59.966915,"Петроградский район"
"81","id2143","Шаверма","-","Колпинская, 14",30.29695,59.959831,"Петроградский район"
"82","id2207","Кебаб Клаб","https://pp.userapi.com/c636524/v636524436/1a1a0/w-pDBytgzjc.jpg","Лиговский проспект, 68",30.356266,59.922541,"Центральный район"
"83","id2173","Шаверма","https://pp.userapi.com/c636421/v636421780/3e8e1/QABi3hCQF2Q.jpg","Купчинская, 32 к1",30.398403,59.828546,"Фрунзенский район"
"84","id2236","Кебаб-house","https://pp.userapi.com/c604517/v604517441/515d9/_weqv6Ai-L8.jpg","Металлистов проспект, 57",30.409832,59.969174,"Калининский район"
"85","id1073","Караван","https://pp.userapi.com/c837727/v837727452/d026/cWnEpORaLSI.jpg","Советская 2-я, 1/8 к1",30.368517,59.931953,"Центральный район"
"86","id2219","Вкусная шаверма","https://pp.userapi.com/c636316/v636316096/2e758/_GHFwDHkFns.jpg","Малая Бухарестская, 15",30.416201,59.845006,"Фрунзенский район"
"87","id2197","Вкусная Шаверма","https://pp.userapi.com/c630223/v630223700/2e3ac/XuUK7xvzb_E.jpg","Летчика Пилютова,11 к4",30.139284,59.839909,"Красносельский район"
"88","id2114","Шаурма бистро","https://pp.userapi.com/c629206/v629206811/3b5f0/h39Dul8sgNI.jpg","Загородный проспект, 20",30.342369,59.925966,"Центральный район"
"89","id2202","Восточный базар","https://pp.userapi.com/c631125/v631125158/26089/7MzoIaOIsi0.jpg","Лиговский проспект, 30А, ТРК Галерея, фудкорт",30.360577,59.927434,"Центральный район"
"90","id2343","Бистро 24","https://pp.userapi.com/c630322/v630322417/163c8/p0Py1jlYBIw.jpg","Уточкина, 2а",30.260818,60.008547,"Приморский район"
"91","id1003","МЕГА ШАВЕРМА","https://pp.userapi.com/c629311/v629311169/3d032/iVuoPhXmtP8.jpg","Петергофское шоссе, 45",30.150378,59.849167,"Красносельский район"
"92","id2200","Аль-Шарк","https://pp.userapi.com/c627730/v627730013/3547a/mtN87No2d4g.jpg","Лиговский проспект, 153, ТРК Лиговъ",30.349818,59.914813,"Фрунзенский район"
"93","id2072","Shawarma","https://pp.userapi.com/c604816/v604816274/23cf7/XQaL7PxbykE.jpg","Васи Алексеева, 1",30.262957,59.879674,"Кировский район"
"94","id1004","Вкусная Шаверма","https://pp.userapi.com/c630421/v630421393/f6a8/VhGTHbHOTqs.jpg","Пилютова, 11 к4",30.139284,59.839909,"Красносельский район"
"95","id2390","Вкусная шаверма","https://pp.userapi.com/c627121/v627121544/22522/5jkIuFuIjC4.jpg","Ярослава Гашека, 9 к1",30.388798,59.831474,"Фрунзенский район"
"96","id2002","Брынза Кебаб","https://goo.gl/maps/55xLiBKh82G2","1-я линия В.О., 54",30.283649,59.946708,"Василеостровский район"
"97","id2191","Шаверма","https://pp.userapi.com/c629513/v629513263/210ba/BwqZ11Wux8g.jpg","Ленсовета, 86а",30.349581,59.832948,"Московский район"
"98","id2282","Бистро Дачное","https://pp.userapi.com/c633125/v633125495/36d90/Rxo4Xztrlf4.jpg","Новаторов бульвар, 102 к3",30.251363,59.841735,"Кировский район"
"99","id2076","Шаверма","-","Ветеранов проспект, 160",30.14229,59.834978,"Красносельский район"
"100","id2186","Вкусная шаверма","https://pp.userapi.com/c629503/v629503158/28f98/PlwSaxulkQQ.jpg","Ленинский проспект, 98",30.218532,59.853874,"Красносельский район"
"101","id2230","Павильон 27","https://pp.userapi.com/c636226/v636226495/15179/jXF3Rvclljw.jpg","Маршала Казакова, 35",30.206937,59.862494,"Красносельский район"
"102","id2286","Шаверма","https://pp.userapi.com/c624523/v624523822/4eb35/9_XbNDv4iCI.jpg","Новаторов бульвар, 98",30.253751,59.841144,"Кировский район"
"103","id2184","Шаверма","-","Ленинский проспект, 144 к2",30.287346,59.852402,"Кировский район"
"104","id2162","Бистро","https://pp.userapi.com/c604520/v604520280/21e2/prf3ECNE8Yw.jpg","Краснопутиловская, 30",30.272559,59.869394,"Кировский район"
"105","id2183","Папирус","-","Ленинский проспект, 129 к6",30.271264,59.851386,"Кировский район"
"106","id2312","Шеф-шаверма","https://pp.userapi.com/c629630/v629630223/2bbc9/T4vlGibrcAY.jpg","Стачек проспект, 90",30.261134,59.867857,"Кировский район"
"107","id2268","Бистро","https://pp.userapi.com/c626429/v626429255/c7b5/fkGqerc0Eiw.jpg","Науки проспект, 21в",30.400137,60.012215,"Калининский район"
"108","id2362","Бистро","https://pp.userapi.com/c628718/v628718862/40104/W_Fmrw6WoFI.jpg","Чернышевского проспект, 9",30.358801,59.947033,"Центральный район"
"109","id2048","Кафе у Артака","https://pp.userapi.com/c626719/v626719263/f935/f486wkjczVI.jpg","Большая Разночинная, 24",30.286891,59.960819,"Петроградский район"
"110","id2261","Pita`s","-","Набережная реки Карповки, 10",30.31218,59.96748,"Петроградский район"
"111","id2281","Халяль","-","Непокорённых проспект, 2",30.366941,59.998411,"Калининский район"
"112","id2041","Назима","https://pp.userapi.com/c631217/v631217817/47a9e/0uzvsYvs6xo.jpg","Богатырский проспект, 7 к8",30.283822,60.000002,"Приморский район"
"113","id2339","Симсим","https://pp.userapi.com/c638830/v638830251/b9cb/nVcSVCvGzB0.jpg","Удельный проспект, 2",30.314168,60.017444,"Выборгский район"
"114","id2318","Кафе-бистро","https://pp.userapi.com/c628426/v628426585/1ee7c/_LKM2TQwVQ0.jpg","Сытнинская площадь, 4",30.310073,59.957053,"Петроградский район"
"115","id2317","Кафе-бистро","https://pp.userapi.com/c636328/v636328431/1699e/1TLrYDU3k34.jpg","Съезжинская, 4",30.29528,59.954685,"Петроградский район"
"116","id2015","Шеф-шаверма","https://pp.userapi.com/c629426/v629426838/48947/YuLsEdGAVKI.jpg","Александровский парк, 4 к3 лит А, ТРК Великан-парк, фастфуд",30.314211,59.955791,"Петроградский район"
"117","id2066","Шаверма","-","Бутлерова, 40",30.404292,60.010459,"Калининский район"
"118","id2212","Шаверма 2","-","Литейный проспект, 64",30.34846,59.933085,"Центральный район"
"119","id2259","Chicken tasty","https://pp.userapi.com/c627120/v627120946/45520/YJKF5X-LZ3M.jpg","Набережная Обводного канала, 122",30.297495,59.908048,"Адмиралтейский район"
"120","id1065","Шаверма","https://pp.userapi.com/c621831/v621831853/39638/QRr6kr0BEnE.jpg","Сенная площадь, 7",30.317662,59.927565,"Адмиралтейский район"
"121","id2161","Шаверма","-","Косыгина проспект, 31",30.497941,59.944766,"Красногвардейский район"
"122","id2014","Burger & Kebab","https://pp.userapi.com/c628718/v628718158/3d1ea/FEgSIvOmhFs.jpg","Академика Лебедева, 10д лит А",30.353996,59.960488,"Калининский район"
"123","id2238","Мастер Кебаб","-","Михаила Дудина, 15а",30.338636,60.067431,"Выборгский район"
"124","id2322","Бистро","https://pp.userapi.com/c629206/v629206957/3bdfa/GCOgAJSP1JA.jpg","Тимуровская, 26 к1а",30.409359,60.043495,"Калининский район"
"125","id2337","Шаверма","https://pp.userapi.com/c629513/v629513496/28d46/6OF1FtdPQLI.jpg","у ларька нет адреса",NA,NA,NA
"126","id2361","Ларёк","https://pp.userapi.com/c636320/v636320452/4ae5d/2y9JinNHjuw.jpg","Чернышевского проспект, 20в",30.359503,59.944354,"Центральный район"
"127","id1057","Шаверма","https://pp.userapi.com/c627619/v627619524/32794/XCckcZEJE7Y.jpg","Садовая, 7-9-11",30.335474,59.935888,"Центральный район"
"128","id2244","OLIVA Russia best doner","-","Московский проспект, 216",30.322274,59.848742,"Московский район"
"129","id2045","Arij","https://pp.userapi.com/c622620/v622620548/40143/1Z8n79kIcGk.jpg","Большая Зеленина, 14",30.290731,59.961491,"Петроградский район"
"130","id2332","Бистро","https://pp.userapi.com/c627926/v627926465/3f7fa/27zUyjdfscg.jpg","Транспортный переулок, 1",30.356544,59.92065,"Центральный район"
"131","id2037","Бистро","https://pp.userapi.com/c630330/v630330965/9ddf/d7DSj3dTkZk.jpg","Богатырский проспект, 1а",30.297412,60.001033,"Приморский район"
"132","id2279","Мастер Кебаб","-","Невский проспект, 88",30.35189,59.932834,"Центральный район"
"133","id2166","Шаверма","https://pp.userapi.com/c626625/v626625890/3075/uN9Lf_jCBWE.jpg","Кронверкский проспект, 45",30.312526,59.956995,"Петроградский район"
"134","id1062","Шаверма","https://pp.userapi.com/c627127/v627127369/381eb/8IkLh6IZAbk.jpg","Сенная площадь",30.3181,59.927617,"Адмиралтейский район"
"135","id2127","Бистро-бар Корона","https://pp.userapi.com/c622621/v622621019/4352e/sj4n4HljL30.jpg","Каменноостровский проспект, 22",30.315479,59.960855,"Петроградский район"
"136","id1006","Шаверма","-","Пионерская, 35",30.288528,59.959035,"Петроградский район"
"137","id1061","Шаверма","https://pp.userapi.com/c627221/v627221764/13afd/jSACniCMtEY.jpg","Сенная площадь, 9",30.317186,59.92738,"Адмиралтейский район"
"138","id2042","Шавермания","https://pp.userapi.com/c637727/v637727263/2d156/i5zNdAubwyY.jpg","Богатырский проспект, 7 к8",30.283822,60.000002,"Приморский район"
"139","id2021","Кафе","https://pp.userapi.com/c630417/v630417347/3541d/PbIgaJ82CKQ.jpg","Бабушкина, 40",30.443305,59.877939,"Невский район"
"140","id2321","Шаверма на Брянцева","https://pp.userapi.com/c626520/v626520228/15e3b/M8t2uwPX59Y.jpg","Тимуровская, 21",30.402607,60.044324,"Калининский район"
"141","id2091","Шаверма","https://pp.userapi.com/c638921/v638921141/44eb8/S628lAYQZmo.jpg","Гражданский проспект, 119 к4",30.420357,60.034995,"Калининский район"
"142","id2373","Тандыр","-","Энгельса проспект, 111Б",30.32306,60.035953,"Выборгский район"
"143","id2305","Вкусная шаверма","https://pp.userapi.com/c628018/v628018773/1599f/kZE1F6qSLUE.jpg","Партизана Германа, 22к1",30.177869,59.829415,"Красносельский район"
"144","id1044","#ПОЕЛПОПИЛ","https://pp.userapi.com/c633626/v633626981/1e827/rxxSxcG0gC0.jpg","Решетникова, 12",30.323809,59.879202,"Московский район"
"145","id1077","Шахерезада","https://pp.userapi.com/c631220/v631220297/14767/hKZQN5nW19U.jpg","Моховая, 31",30.344654,59.941039,"Центральный район"
"146","id2296","Медина","https://pp.userapi.com/c631529/v631529681/eac6/e6bDusKcOmk.jpg","Одоевского, 27, ТЦ Платформа",30.236712,59.948154,"Василеостровский район"
"147","id2357","Дом Шавермы","https://pp.userapi.com/c625727/v625727001/52e9d/Kdd_eD2xdyg.jpg","Чайковского, 23",30.349563,59.946419,"Центральный район"
"148","id2364","Шаверма","https://pp.userapi.com/c636527/v636527080/1395a/QeJVe_IcJvU.jpg","Чкаловский проспект, 12",30.288105,59.960021,"Петроградский район"
"149","id2008","Бистро Шаверма","https://pp.userapi.com/c622620/v622620207/44f8e/v1KH_jOT5aI.jpg","Авиаконструкторов проспект, 11а",30.244707,60.012282,"Приморский район"
"150","id2140","Шаверма","https://pp.userapi.com/c622620/v622620395/4e539/tiesDeabZsc.jpg","Коллонтай, 32 к1Б",30.488452,59.924718,"Невский район"
"151","id2074","Ротонда","https://pp.userapi.com/c630421/v630421814/cd70/w6_E3ZPOprg.jpg","Введенский канал, 8",30.327507,59.919907,"Адмиралтейский район"
"152","id1066","Кулёк","-","Сенная площадь, 7",30.317662,59.927565,"Адмиралтейский район"
"153","id1063","Караван","https://pp.userapi.com/c631427/v631427790/2891c/-hjD3VVms-s.jpg","Сенная площадь",30.3181,59.927617,"Адмиралтейский район"
"154","id2170","Mr. O","-","Культуры проспект, 1",30.367716,60.033708,"Калининский район"
"155","id2369","Гурмэ Шаурмэ","https://pp.userapi.com/c629500/v629500764/27976/gpuvKLUen_4.jpg","Шуваловский проспект, 72 к1",30.197993,60.005663,"Приморский район"
"156","id2088","Шаверма","https://pp.userapi.com/c622621/v622621897/4a55c/5wtn8OXDu50.jpg","Гаккелевская, 32",30.256784,60.006598,"Приморский район"
"157","id2387","Ресторан Бистро","https://pp.userapi.com/c628717/v628717834/3505b/kIaMTsGyGOo.jpg","Ярослава Гашека, 11а",30.392169,59.832707,"Фрунзенский район"
"158","id2374","Хорошая шаверма","http://p2.zoon.ru/preview/QLKdA_obygp3FtGIsevHYQ/520x270x85/0/1/3/original_52b02a2d40c0888d378b9056_5305633b3cb71.jpg","Энгельса проспект, 111У",30.322918,60.035913,"Выборгский район"
"159","id2130","Шаверма","https://pp.userapi.com/c627827/v627827084/39cc3/6yZAjgmeLaQ.jpg","Камышовая, 34а",30.222064,60.008642,"Приморский район"
"160","id2003","Шаверма","-","16-я линии В.О",30.261751,59.943097,"Василеостровский район"
"161","id2011","Шаверма","https://pp.userapi.com/c630116/v630116994/daa6/45uKPFO0B0k.jpg","Авиаконструкторов проспект, 9а",30.245573,60.011597,"Приморский район"
"162","id2160","Кафе","https://pp.userapi.com/c631624/v631624380/cfd0/2DBRlGwFFgc.jpg","Косыгина проспект, 26 к1",30.486455,59.945652,"Красногвардейский район"
"163","id2334","Шаверма","https://pp.userapi.com/c628018/v628018773/14504/aGgnO0qKyQA.jpg","Тульская, 3",30.389392,59.943258,"Центральный район"
"164","id1013","Бистро МаххL","https://pp.userapi.com/c633518/v633518102/13ea6/2H74fY3A3_0.jpg","Политехническая, 28",30.368571,60.008328,"Выборгский район"
"165","id1068","Восток","https://pp.userapi.com/c624417/v624417609/49e0c/GaC13YDS3nM.jpg","Сенная площадь",30.3181,59.927617,"Адмиралтейский район"
"166","id1017","Шаверма","https://pp.userapi.com/c622620/v622620634/3f196/m-Sefs3K5iw.jpg","пос. Мурино, Привокзальная площадь, 3а",29.927949,59.864427,"Петродворцовый район"
"167","id2129","Кинг Кебаб","https://pp.userapi.com/c629305/v629305110/89a5/tBS3MgbUgr4.jpg","Камышовая, 13",30.248574,60.006311,"Приморский район"
"168","id1070","Кафе-бистро","https://pp.userapi.com/c630531/v630531266/41b46/okqtwyo0teU.jpg","Сестрорецк, Коммунаров, 4а",29.956658,60.093606,"Курортный район"
"169","id2040","Кафе Бистро","https://pp.userapi.com/c627827/v627827361/3ac26/AP0vxXGzr0Y.jpg","Богатырский проспект, 54/32",30.210505,60.006242,"Приморский район"
"170","id1069","Шаверма","https://pp.userapi.com/c623629/v623629888/50268/RLbsVghHSH0.jpg","Серебристый бульвар, 27а",30.284213,60.010068,"Приморский район"
"171","id2054","Кафе","https://pp.userapi.com/c636220/v636220319/26115/NCnn-HPV09A.jpg","Большевиков проспект, 32а",30.492666,59.896345,"Невский район"
"172","id2278","Шеф-шаверма","https://pp.userapi.com/c615818/v615818158/6cfc/7LA6m-9VeRg.jpg","Невский проспект, 85, Московский ж/д вокзал",30.362563,59.929536,"Центральный район"
"173","id2120","Бистро","https://pp.userapi.com/c633829/v633829359/274f9/PsKqUV9ZzH0.jpg","Звенигородская, 1",30.335048,59.922797,"Адмиралтейский район"
"174","id2299","Keb House & Good Coffee","-","Оранжерейная, 23",30.409239,59.719745,"Пушкинский район"
"175","id2243","Doner","-","Московский проспект, 205а",30.320899,59.848087,"Московский район"
"176","id1039","Шаверма 24","https://pp.userapi.com/c629306/v629306039/a8ae/G16nAnTISbY.jpg","Пушкин",30.398234,59.718762,"Пушкинский район"
"177","id2323","Бистро","https://pp.userapi.com/c629427/v629427502/43610/P1usGVqy7PY.jpg","Типанова, 5",30.328154,59.853837,"Московский район"
"178","id2145","Бистро-Шаверма","https://pp.userapi.com/c625727/v625727132/4e755/v2GiCrVNntc.jpg","Комендантский проспект, 7 к1",30.264689,60.004959,"Приморский район"
"179","id2237","Кафе Бистро","https://pp.userapi.com/c628325/v628325382/198e7/vngv_NJAId4.jpg","Михаила Дудина, 15",30.338636,60.067431,"Выборгский район"
"180","id2147","Шаверма","-","Комендантский проспект, 13",30.258537,60.009855,"Приморский район"
"181","id2265","Шаверма","-","Наставников проспект, 24 к1",30.489217,59.945853,"Красногвардейский район"
"182","id2235","Суши dok","-","Металлистов проспект, 116",30.395469,59.972053,"Калининский район"
"183","id2020","Шаверма","-","Бабушкина, 19",30.424782,59.895344,"Невский район"
"184","id2051","Мастер Кебаб","-","Большевиков проспект, 19",30.481024,59.907391,"Невский район"
"185","id2052","Шеф Кебаб","https://pp.userapi.com/c628126/v628126684/1371f/B9NUIZjFD4g.jpg","Большевиков проспект, 19а",30.482056,59.906998,"Невский район"
"186","id2276","LeШаверма","-","Невский проспект, 51 лит А",30.348708,59.932093,"Центральный район"
"187","id2121","Бистро","https://pp.userapi.com/c636016/v636016296/85/yfFD-6pxFkI.jpg","Ивановская, 8",30.444798,59.875286,"Невский район"
"188","id1051","Ларёк","-","Савушкина, 10а",30.297123,59.985932,"Приморский район"
"189","id2377","Мандарин","https://pp.userapi.com/c629423/v629423462/3adfd/94pWMwdqDcQ.jpg","Энгельса проспект, 120Б",30.323094,60.037942,"Выборгский район"
"190","id2388","Шаверма","https://pp.userapi.com/c627331/v627331365/29b1c/cjNH7TPiAww.jpg","Ярослава Гашека, 6",30.389517,59.833366,"Фрунзенский район"
"191","id2383","Wаверма'с","https://pp.userapi.com/c629305/v629305808/1bfdd/Y3tqE_pU1UA.jpg","Энгельса проспект, 162 к1",30.33369,60.067818,"Выборгский район"
"192","id2154","Бистро","https://pp.userapi.com/c604717/v604717263/cdb4/H3XdVDNX4lU.jpg","Кораблестроителей, 48 к2",30.234777,59.955851,"Василеостровский район"
"193","id2111","Inter Pan","-","Железноводская, 68 к1, ТК Макси Сопот",30.233677,59.949264,"Василеостровский район"
"194","id2133","Бистро Шаверма","https://pp.userapi.com/c628625/v628625741/3117f/s0dpONGBPAg.jpg","КИМа проспект, 19",30.242896,59.955692,"Василеостровский район"
"195","id2313","Аль-Шарк","https://pp.userapi.com/c604625/v604625700/f611/UC-guNtlt58.jpg","Стачек проспект, 99",30.247806,59.85873,"Кировский район"
"196","id1084","Шаурма","https://pp.userapi.com/c626317/v626317858/15465/zh9HZdjHfbI.jpg","Стачек проспект, 1",30.274597,59.898463,"Кировский район"
"197","id1046","Шаверма","https://pp.userapi.com/c631524/v631524506/199fb/Omqtly-q4_w.jpg","Рихарда Зорге, 6 к2",30.184199,59.851029,"Красносельский район"
"198","id2232","Вкусная шаверма","-","Маршала Казакова, 36 к1",30.2162,59.859531,"Красносельский район"
"199","id2215","Black Star Shawerma","https://pp.userapi.com/c639822/v639822251/4255/aQgOoV0l0MQ.jpg","Луначарского проспект, 17а ",30.334984,60.042162,"Выборгский район"
"200","id2384","Бистро","https://pp.userapi.com/c637627/v637627970/1b734/4qkMFrbWi64.jpg","Энгельса проспект, 162 к4",30.335272,60.067498,"Выборгский район"
"201","id2126","Брынза","https://pp.userapi.com/c626426/v626426780/3ef5d/yPRodvdFEd8.jpg","Кадетская, 53",30.289658,59.942471,"Василеостровский район"
"202","id2208","Зелёная комната","-","Лиговский проспект, 74, БЦ Лига",30.356407,59.921863,"Центральный район"
"203","id2257","У Джамала","-","Набережная канала Грибоедова, 26а",30.326017,59.933079,"Центральный район"
"204","id2251","Hot and fresh","-","Муринский 2-й проспект, 2 к1",30.330905,60.003284,"Выборгский район"
"205","id2060","Мастер Кебаб","https://pp.userapi.com/c627926/v627926072/4026b/fHcYpkohZyU.jpg","Боткинская, 3 к1, ТК Тукан",30.354523,59.958179,"Калининский район"
"206","id2136","Бистро","https://pp.userapi.com/c638921/v638921141/44ef7/A1SBTbzkIaM.jpg","Кирочная, 2",30.348992,59.944278,"Центральный район"
"207","id1053","Брика","https://pp.userapi.com/c636226/v636226106/40068/G2GwzeFTV-I.jpg","Садовая, 28/30 к1",30.330581,59.93082,"Центральный район"
"208","id1059","Шашлык+","https://pp.userapi.com/c637627/v637627059/1b170/qOo8BDYPwfk.jpg","Светлановский проспект, 40",30.375815,60.022912,"Калининский район"
"209","id2065","Сирийская кухня","https://pp.userapi.com/c626630/v626630893/2074f/o5sZgwnFW0Q.jpg","Будапештская, 94, ТЦ Дунайский",30.3983,59.838334,"Фрунзенский район"
"210","id2370","LAVAШ","https://pp.userapi.com/c638823/v638823731/20f51/9C6uYNqV_6w.jpg","Щербаков переулок, 12, ДЦ Владимирский",30.345062,59.928258,"Центральный район"
"211","id2249","Бистро","-","Московский проспект, 73",30.317821,59.904941,"Адмиралтейский район"
"212","id2079","Street food","https://pp.userapi.com/c628521/v628521137/3f3ef/94a_phx8uyE.jpg","Ветеранов проспект, 78",30.216457,59.832974,"Кировский район"
"213","id2256","Club Kebab","-","Набережная канала Грибоедова, 26",30.326017,59.933079,"Центральный район"
"214","id2179","Шаверма","-","Ленина проспект, 61 к2",30.088016,59.737632,"Красносельский район"
"215","id2352","Лучшая шаверма","https://pp.userapi.com/c630026/v630026110/30a60/9nV7yhHNLqA.jpg","Художников проспект, 16а",30.346539,60.040461,"Выборгский район"
"216","id2109","Хорошая шаверма","https://pp.userapi.com/c631228/v631228133/19a6e/DB3uhygUAcI.jpg","Есенина, 30Б",30.340951,60.051077,"Выборгский район"
"217","id2221","Шаверма","-","Малая Посадская, 13 к2",30.327186,59.957283,"Петроградский район"
"218","id2248","Суши wok","https://pp.userapi.com/c627331/v627331755/4b888/bLcoIG9iOGo.jpg","Московский проспект, 51",30.317103,59.91136,"Адмиралтейский район"
"219","id2057","Бистро Шаверма","https://pp.userapi.com/c628530/v628530625/1b2fd/zMcWds1dh3s.jpg","Большой проспект В.О. 25",30.281579,59.939402,"Василеостровский район"
"220","id2331","Шаверма","https://pp.userapi.com/c638025/v638025361/1ed2a/ailLxf9gxvM.jpg","Торфяная дорога, 6",30.254975,59.990182,"Приморский район"
"221","id2346","ПИВЛАВ","https://pp.userapi.com/c636926/v636926569/2a90a/FioPdiNGr_Y.jpg","Фёдора Абрамова, 8",30.338717,60.07305,"Выборгский район"
"222","id2053","Мастер Кебаб","-","Большевиков проспект, 2 к1",30.471712,59.919637,"Невский район"
"223","id2345","Кафе-Бистро 24","https://pp.userapi.com/c631725/v631725602/c50d/pqmtPlhIiFQ.jpg","Ушинского, 5б",30.405585,60.029616,"Калининский район"
"224","id1011","Бистро","https://pp.userapi.com/c630420/v630420358/74f5/dkfFdu4ImpM.jpg","Политехническая, 17 к1",30.366281,59.99931,"Калининский район"
"225","id2105","Папирус","https://pp.userapi.com/c638921/v638921141/44ed3/7sRIiPHTbzI.jpg","Елизарова проспект, 13",30.423529,59.896872,"Невский район"
"226","id2141","Шаверма","-","Коломяжский проспект, 19 к2",30.29758,60.008374,"Приморский район"
"227","id2024","Шаверма","https://pp.userapi.com/c604619/v604619553/19943/Uiu9DdlVU7o.jpg","Балканская площадь, 5 к1, справа от выхода",30.376483,59.830812,"Фрунзенский район"
"228","id1067","Карфаген","-","Сенная площадь, 7",30.317662,59.927565,"Адмиралтейский район"
"229","id1080","Шаверма","-","Средний проспект В.О., 61",30.26697,59.94001,"Василеостровский район"
"230","id2309","Герард Миллер","-","Петергоф, Ботаническая, 66 к3",29.82714,59.875001,"Петродворцовый район"
"231","id2292","Шаверма","https://pp.userapi.com/c629122/v629122102/33679/5DsVZ95hT-g.jpg","Новочеркасский проспект, 52 к5а",30.419796,59.922661,"Красногвардейский район"
"232","id2224","Анталия","https://pp.userapi.com/c622825/v622825445/4ae96/HUeYYb0Y9Gg.jpg","Маршала Жукова проспект, 41",30.219286,59.851491,"Красносельский район"
"233","id2182","Шаверма","-","Ленинский проспект, 127 к1",30.265141,59.851424,"Кировский район"
"234","id2049","Шаверма","https://pp.userapi.com/c631125/v631125157/22021/ZKmyeIDLWVI.jpg","Большевиков проспект, 17а",30.48056,59.908077,"Невский район"
"235","id2341","Кафе-бистро 24","https://pp.userapi.com/c630030/v630030091/40630/pfx-4jiRmuo.jpg","Удельный проспект, 2а",30.314297,60.016628,"Выборгский район"
"236","id2275","Шаверма","-","Невский проспект, 5",30.313306,59.936778,"Центральный район"
"237","id2131","Мандарин","https://pp.userapi.com/c604519/v604519158/f073/RwPEkHMtCGY.jpg","Кантемировская, 26А",30.345773,59.985651,"Выборгский район"
"238","id2176","Шаверма","https://pp.userapi.com/c627417/v627417858/220ab/wk6pA4-_opw.jpg","Ленина площадь, 4и",30.358093,59.956653,"Калининский район"
"239","id1079","Шаверма","https://pp.userapi.com/c622620/v622620670/3cef2/Uuc6QBGFlgg.jpg","Средний проспект В.О., 34",30.276793,59.942188,"Василеостровский район"
"240","id2203","Шаверма","-","Лиговский проспект, 50",30.362906,59.925031,"Центральный район"
"241","id2239","Голливуд","-","Михаила Дудина, 25 к2",30.329611,60.07197,"Выборгский район"
"242","id2196","Ляванги","https://pp.userapi.com/c626121/v626121283/23fc6/ipitLnEA3bM.jpg","Лётчика Пилютова, 40",30.140629,59.834998,"Красносельский район"
"243","id1015","Кафе Алладин","https://pp.userapi.com/c629513/v629513324/320cc/gGs9XI7zP8M.jpg","Политехническая, 31",30.369956,60.009702,"Калининский район"
"244","id2327","Шаверма","https://pp.userapi.com/c631216/v631216284/533/0GJ3gqrBGw8.jpg","Тореза проспект, 33а",30.354916,60.006692,"Выборгский район"
"245","id2102","Doner Kebab","https://pp.userapi.com/c604329/v604329525/dac1/PD_OAcpalUs.jpg","Димитрова, 18 к1",30.386724,59.849344,"Фрунзенский район"
"246","id2358","Выпечка","https://pp.userapi.com/c631426/v631426486/261ee/Rwsjig4szrs.jpg","Чайковского, 57",30.358718,59.946154,"Центральный район"
"247","id1014","Бистро-шаверма","https://pp.userapi.com/c837236/v837236164/8fb4/elbZIoRLPAo.jpg","Политехническая, 30",30.369353,60.008631,"Выборгский район"
"248","id2106","Эмираты","https://pp.userapi.com/c638921/v638921141/44edc/ietOLuxqA0A.jpg","Елизарова проспект, 15",30.422041,59.896312,"Невский район"
"249","id2068","ЧЕБУROOM","https://pp.userapi.com/c631725/v631725981/b50b/xuFCj68ddE0.jpg","Бухарестская, 30/32, ТРК Континент, фудкорт",30.370172,59.882968,"Фрунзенский район"
"250","id2264","Сахара","-","Нарвский проспект, 31",30.273078,59.902225,"Адмиралтейский район"
"251","id2064","Вкусная шаверма","https://pp.userapi.com/c627221/v627221764/13eb8/gML9LyCut1Q.jpg","Будапештская, 77",30.392941,59.841631,"Фрунзенский район"
"252","id2187","Шавермабар","https://pp.userapi.com/c630323/v630323297/5d03/ZujlQAzuiLQ.jpg","Ленская, 17 к1",30.493931,59.939764,"Красногвардейский район"
"253","id2342","Шеф Кебаб","https://pp.userapi.com/c628524/v628524179/3fe8f/_jSfqjkKnSU.jpg","Уткин проспект, 13 к15, ТК Польза",30.437926,59.932152,"Красногвардейский район"
"254","id2262","Чудо мангал","https://pp.userapi.com/c629500/v629500158/4b6b4/AFR-WU7QYzQ.jpg","набережная реки Фонтанки, 59",30.331052,59.928407,"Центральный район"
"255","id2263","Вкусная Шаверма","https://pp.userapi.com/c836336/v836336638/604f/CA-2s8nKPrk.jpg","Набережная Чёрной речки, 53",30.302782,59.987149,"Приморский район"
"256","id2271","Бистро","https://pp.userapi.com/c633621/v633621382/34107/mqGMQytyO4Q.jpg","Науки проспект, 44",30.428081,60.006632,"Калининский район"
"257","id2155","Шаверма","https://pp.userapi.com/c626424/v626424358/4f64/e_ZNZXUuBys.jpg","Королёва проспект, 43",30.255085,60.021579,"Приморский район"
"258","id1020","Па-Прикола","https://pp.userapi.com/c629311/v629311158/3d6c4/IF6UQb_zLt0.jpg","Правды, 12",30.342303,59.923072,"Центральный район"
"259","id2293","Шаверма","-","Обводного канала набережная, 42",30.355105,59.913945,"Фрунзенский район"
"260","id2039","Ляванги","https://pp.userapi.com/c626324/v626324465/7652/lSN7mPRZrck.jpg","Богатырский проспект, 35Б",30.241138,60.003721,"Приморский район"
"261","id2376","Другая шаверма","https://pp.userapi.com/c631121/v631121570/24056/AX_TOjlNzp8.jpg","Энгельса проспект, 120а",30.322805,60.037551,"Выборгский район"
"262","id2116","Бистро Шеф кебаб","-","Заневский проспект, 71 к2а",30.439342,59.933715,"Красногвардейский район"
"263","id2018","Бистро Шаверма","https://cs541601.userapi.com/c638331/v638331614/248d0/gZ_bQM-D-bM.jpg","Апраксин переулок, 4",30.324996,59.929179,"Центральный район"
"264","id2300","Бистро","-","Орджоникидзе, 22",30.328982,59.844798,"Московский район"
"265","id1078","Аль-Шарк","https://pp.userapi.com/c837338/v837338941/8095/H-XHr6luq74.jpg","Средний проспект В.О., 19",30.28131,59.94459,"Василеостровский район"
"266","id2097","Dener Bar","https://pp.userapi.com/c630125/v630125853/48c81/UxdHeEssBvM.jpg","Гривцова переулок, 20",30.316077,59.928389,"Адмиралтейский район"
"267","id2027","Ваш Лаваш","https://pp.userapi.com/c626125/v626125731/7ee8/Nonb018pZ-M.jpg","Балтийская, 36",30.28672,59.899767,"Кировский район"
"268","id2043","""4:20""","https://pp.userapi.com/c604519/v604519553/d68f/VnmdGX4uf2s.jpg","Большая Зеленина, 1",30.2961,59.959706,"Петроградский район"
"269","id1085","Вкусная шаверма","https://pp.userapi.com/c633328/v633328170/397b0/JjFXKeXi9Q4.jpg","Стачек проспект, 105 к1",30.240509,59.855251,"Кировский район"
"270","id2077","Бистро Дачное","https://pp.userapi.com/c627129/v627129773/16b71/R8zl4QSB3Dk.jpg","Ветеранов проспект, 36 к2",30.247468,59.843,"Кировский район"
"271","id2294","Gyros","-","Обуховской Обороны проспект, 120ш",30.471451,59.865797,"Невский район"
"272","id2022","Шаверма №1","https://pp.userapi.com/c629226/v629226667/16f97/tubh8h8lMj8.jpg","Бабушкина, 48",30.445997,59.875064,"Невский район"
"273","id2089","Бистро","https://pp.userapi.com/c633125/v633125495/36d73/z4L6hy372LU.jpg","Генерала Симоняка, 4 к1",30.204849,59.831396,"Кировский район"
"274","id2283","Твоя любимая шаверма","https://pp.userapi.com/c633524/v633524295/3300c/bFSgl6ItzOM.jpg","Новаторов бульвар, 112 к1",30.248838,59.84211,"Кировский район"
"275","id2063","The Shaverma","-","Будапештская, 71 к1",30.388936,59.845508,"Фрунзенский район"
"276","id2031","Chicken Inn","https://pp.userapi.com/c626926/v626926787/2caad/CVO9D3fYuaw.jpg","Бассейная, 22д",30.319644,59.866269,"Московский район"
"277","id2365","Шаверма","https://pp.userapi.com/c837339/v837339518/60b/pO2At6byOpc.jpg","Чкаловский проспект, 50",30.300451,59.967349,"Петроградский район"
"278","id2050","Аль-Шарк","https://pp.userapi.com/c630125/v630125984/618b8/qSH6Od9tn2Q.jpg","Большевиков проспект, 18 лит А, ТРК Невский, фастфуд",30.48246,59.908345,"Невский район"
"279","id2223","Брынза Кебаб","https://pp.userapi.com/c625726/v625726768/473a1/wDptgGX3Heg.jpg","Малый проспект П.С., 57",30.301353,59.962913,"Петроградский район"
"280","id1043","Кафе Бистро 24 часа","https://pp.userapi.com/c604625/v604625204/ce65/FIGbFVnKmxk.jpg","Разъезжая, 41",30.351662,59.921512,"Центральный район"
"281","id2134","Шаурма","https://pp.userapi.com/c626325/v626325204/22d0a/jXCWYFMWp0s.jpg","Кингисеппское шоссе, 22",30.058276,59.719529,"Красносельский район"
"282","id1021","Столовая","https://pp.userapi.com/c626629/v626629204/241e7/5sAjBpbpfOk.jpg","Правды, 4",30.344355,59.924324,"Центральный район"
"283","id2101","Шаверма","https://pp.userapi.com/c631516/v631516204/3dde3/yV6MvHvaIj4.jpg","Димитрова, 16д",30.38596,59.848515,"Фрунзенский район"
"284","id2081","Магриб","https://pp.userapi.com/c630221/v630221251/2b0e2/ycWRmkbyXUE.jpg","Волковский проспект, 30",30.357383,59.896711,"Фрунзенский район"
"285","id2198","Шаверма","https://pp.userapi.com/c625627/v625627667/4317f/hoDph6ZVCNY.jpg","Лиговский проспект, 105",30.354059,59.921658,"Центральный район"
"286","id1088","Коктейль","https://pp.userapi.com/c622017/v622017764/3bf8a/ZKX5vtkGKm0.jpg","Стачек проспект, 75",30.259388,59.867258,"Кировский район"
"287","id1010","Soup & Rolls","-","Планерная, 59, ТРК Монпансье, фудкорт",30.225834,60.021968,"Приморский район"
"288","id2026","Chicken Inn","-","Балканская площадь, 5б",30.378084,59.831265,"Фрунзенский район"
"289","id2320","Grill Republic","http://cs624225.vk.me/v624225297/15852/lYmYkDOrYiI.jpg","Тепловозная, 34",30.501242,59.832473,"Невский район"
"291","id1036","Бистро Шаверма","https://pp.userapi.com/c630826/v630826104/4760b/APHGn2WdrhE.jpg","Просвещения проспект, 87в",30.411404,60.036769,"Калининский район"
"292","id2012","Шаверма","https://pp.userapi.com/c633625/v633625280/22923/NHrh2adfRtU.jpg","Автовская, 20 к2",30.271508,59.870099,"Кировский район"
"293","id2270","Шаверма","-","Науки проспект, 41ж",30.399029,60.012748,"Калининский район"
"294","id2284","Бистро и вкусно","https://pp.userapi.com/c636931/v636931687/82de/4dTy4o7Z1l4.jpg","Новаторов бульвар, 17",30.267323,59.848867,"Кировский район"
"295","id1022","Бистро 24","https://pp.userapi.com/c836330/v836330416/2f31/dTeJ5qCIjGw.jpg","Пражская, 20",30.387531,59.876043,"Фрунзенский район"
"296","id2385","Шаверма","https://pp.userapi.com/c629115/v629115238/3e889/GOLQ2TxYc4E.jpg","Энергетиков, 70Б к2",30.435052,59.971611,"Красногвардейский район"
"297","id2378","Шаверма","-","Энгельса проспект, 121",30.329027,60.044136,"Выборгский район"
"298","id1054","GIROS","https://pp.userapi.com/c604729/v604729137/217e/kRKwpbWwSI4.jpg","Садовая, 3",30.335759,59.936967,"Центральный район"
"299","id2001","Аль-Нил","-","1-я Красноармейская, 3-5",30.315605,59.916446,"Адмиралтейский район"
"300","id2035","Шаверма","-","Белы Куна, 23а",30.396802,59.877357,"Фрунзенский район"
"301","id2367","Chicken tasty","-","Шкапина, 6",30.29632,59.907723,"Адмиралтейский район"
"302","id1060","Бистро","https://pp.userapi.com/c626127/v626127027/1df17/XZC4fxet2dg.jpg","Светлановский проспект, 54 д/2",30.393957,60.034784,"Калининский район"
"303","id2100","Шаверма","https://pp.userapi.com/c638921/v638921141/44ec1/LMrI_IioEBE.jpg","Димитрова, 13а",30.387843,59.848289,"Фрунзенский район"
"304","id2209","Шаверма в Этажах","https://pp.userapi.com/c626620/v626620158/4a4b1/mOycSJElA_w.jpg","Лиговский проспект, 74, БЦ Лига",30.356407,59.921863,"Центральный район"
"305","id2319","Шаверма №1","-","Тверская, 50",30.611946,59.736962,"Колпинский район"
"306","id1052","У Красной Шапки","https://pp.userapi.com/c636226/v636226936/16d44/3IeNFY-DZm0.jpg","Садовая, 28/30 к1",30.330581,59.93082,"Центральный район"
"307","id2175","Шаверма","https://pp.userapi.com/c630030/v630030853/3e89e/hMsm3YmsQWM.jpg","Ланское шоссе, 43",30.314271,59.993433,"Приморский район"
"308","id2023","Мастер Кебаб","-","Балканская площадь, 5 к1, слева от выхода",30.376483,59.830812,"Фрунзенский район"
"309","id2366","Arij","https://pp.userapi.com/c629630/v629630731/29c7d/mC0H6HH6Jw0.jpg","Шевченко, 29",30.241507,59.939096,"Василеостровский район"
"310","id2353","Донер Кебаб","https://pp.userapi.com/c627121/v627121535/27217/FaFizF-7EZo.jpg","Художников проспект, 26е",30.353055,60.048248,"Выборгский район"
"311","id2255","Шаверма","-","Набережная канала Грибоедова, 24",30.326843,59.933505,"Центральный район"
"312","id2242","Пальмира","https://pp.userapi.com/c628721/v628721446/22e26/XtE2mYBrSGQ.jpg","Московский проспект, 191",30.320283,59.853522,"Московский район"
"313","id1086","Casa-бургер","https://pp.userapi.com/c627426/v627426773/1106f/pUq_ps6OdEc.jpg","Стачек проспект, 66, ТЦ Шайба",30.263021,59.880554,"Кировский район"
"314","id2188","Самая вкусная шаверма у нас!","-","Ленсовета, 42",30.330651,59.84574,"Московский район"
"315","id2311","Шаверма","https://pp.userapi.com/c630417/v630417680/34229/vdFLnX-7osc.jpg","Розенштейна, 1",30.293374,59.908482,"Адмиралтейский район"
"316","id2245","Мармариса","https://pp.userapi.com/c629503/v629503558/ede5/r_Dtm11WVs0.jpg","Московский проспект, 23",30.317533,59.915938,"Адмиралтейский район"
"317","id2336","Шаверма","https://pp.userapi.com/c629513/v629513496/28d46/6OF1FtdPQLI.jpg","у ларька нет адреса",NA,NA,NA
"318","id2095","Бистро","https://pp.userapi.com/c629320/v629320904/1682d/GZJxIz5Elj8.jpg","Гражданский проспект, 72а",30.398045,60.013969,"Калининский район"
"319","id1045","Бистро","-","Римского-Корсакова проспект, 103",30.281475,59.91878,"Адмиралтейский район"
"320","id2246","Бистро Mix","-","Московский проспект, 31",30.31722,59.914525,"Адмиралтейский район"
"321","id2150","Club Kebab","http://www.clubkebab.ru/img/rest/4.jpg","Комсомола, 16",30.357972,59.954821,"Калининский район"
"322","id2006","Бистро","https://pp.userapi.com/c626625/v626625898/3256/M5UQUPqgJp4.jpg","6-я линия В.О., 43а",30.275623,59.945946,"Василеостровский район"
"323","id2172","Арабская шаверма","https://pp.userapi.com/c636928/v636928553/26e6b/AfYbX6HaLg8.jpg","Купчинская, 32",30.398266,59.828309,"Фрунзенский район"
"324","id2324","Гастроном КиО","https://pp.userapi.com/c626530/v626530731/27af8/AxXp-T6OIOI.jpg","Тихоокеанская, 3",30.242629,60.072155,"Выборгский район"
"325","id2349","КОКО шаурма","https://pp.userapi.com/c628129/v628129157/4bc7b/RX3KQkPsbZU.jpg","Фучика, 2 лит А, ТРК Рио, фудкорт",30.35865,59.877211,"Фрунзенский район"
"326","id2199","Street-a-pita","https://pp.userapi.com/c637130/v637130731/2b8f7/s6ohwmM9a8Y.jpg","Лиговский проспект, 11",30.363965,59.9369,"Центральный район"
"327","id2325","Донер Кебаб","https://pp.userapi.com/c638128/v638128322/181e3/wv7yKUpUX0o.jpg","Тихорецкий проспект, 1а",30.371516,60.010067,"Калининский район"
"328","id2080","Касабланка","https://pp.userapi.com/c629117/v629117868/449b4/80fgcgX0HJQ.jpg","Вознесенский проспект, 55",30.306829,59.920466,"Адмиралтейский район"
"329","id2156","Вкусная Шаверма","https://pp.userapi.com/c627221/v627221764/147f8/r5xStYdijTo.jpg","Космонавтов проспект, 42",30.354444,59.852347,"Московский район"
"330","id2381","Картаго","https://igx.4sqi.net/img/general/600x600/5XPW5R4Q55JVHXQVCWVBBSVCZOOEHVXRZ2SU1D5PPHCOB5XN.jpg","Энгельса проспект, 154, ТРК Гранд Каньон, фудкорт",30.333926,60.058256,"Выборгский район"
"331","id2272","Шаверма","https://pp.userapi.com/c836335/v836335034/a40e/PQ7CzFLMUv4.jpg","Науки проспект, 45 к2",30.413768,60.006875,"Калининский район"
"332","id2071","CASA-БУРГ","https://pp.userapi.com/c630026/v630026164/405b6/rgP9dPRhi5c.jpg","Васи Алексеева, 1",30.262957,59.879674,"Кировский район"
"333","id2227","Doner Kebab","https://pp.userapi.com/c629204/v629204741/364c9/ec-kwOAcNgc.jpg","Маршала Захарова, 42",30.198646,59.85292,"Красносельский район"
"334","id2007","Шаурма Кура-Гриль","https://pp.userapi.com/c629116/v629116403/2cc3b/lW16GHc_VZ0.jpg","8-я линия В.О., 49",30.275703,59.943041,"Василеостровский район"
"335","id2315","Шеф-Шаверма","https://www.restoclub.ru/uploads/place_thumbnail_big/0/3/2/c/032cee12796ee7c2d3d90b89f4fe75b0.jpg","Суворовский проспект, 43-45",30.378075,59.939296,"Центральный район"
"336","id2220","Craft Brew Cafe","-","Малая Морская, 15",30.311256,59.935426,"Адмиралтейский район"
"337","id2157","Мекка","https://pp.userapi.com/c627120/v627120100/3f7f1/KXaMrUqCDkU.jpg","Космонавтов проспект, 42",30.354444,59.852347,"Московский район"
"338","id1030","Шаверма","-","Промышленная, 5 лит А",30.270464,59.899055,"Кировский район"
"339","id1009","Шаверма","-","Планерная, 49 к1",30.228113,60.017917,"Приморский район"
"340","id2094","Tandir","https://pp.userapi.com/c626625/v626625764/2ee6/oNYaRtXrDzo.jpg","Гражданский проспект, 66 к1",30.396262,60.013897,"Калининский район"
"341","id2124","Кебаб Хаус","https://pp.userapi.com/c625427/v625427245/3d6bf/06Ty2dcD2N0.jpg","Испытателей проспект, 4в",30.2946,60.003067,"Приморский район"
"342","id2083","Шаверма","https://pp.userapi.com/c629408/v629408596/101bb/7-C7LIOb8uo.jpg","Восстания, 4",30.359703,59.932916,"Центральный район"
"343","id1047","Вкусная шаверма 24","https://pp.userapi.com/c636218/v636218028/3fae3/NlcB3Enzbh4.jpg","Российский проспект, 10",30.471457,59.927686,"Невский район"
"344","id2326","Софи","https://pp.userapi.com/c630531/v630531266/41b73/3TnjlENIOrI.jpg","Токарева, 1",29.955821,60.086485,"Курортный район"
"345","id2254","Бистро","-","Мясная, 28",30.281475,59.91878,"Адмиралтейский район"
"346","id2350","Шаверма Кинг","https://pp.userapi.com/c636928/v636928097/27052/8xUJs96qQw4.jpg","Хошимина, 18",30.319971,60.052037,"Выборгский район"
"347","id2078","Шаверма","https://pp.userapi.com/c836430/v836430153/2242/Aj25c2Cz8aE.jpg","Ветеранов проспект, 53",30.237847,59.840871,"Кировский район"
"348","id1026","Шаверма","-","пос. Мурино, Привокзальная площадь, 3/3",30.449002,60.051796,"пос. Мурино"
"349","id2067","Шаверма","https://pp.userapi.com/c637627/v637627247/1a97c/RHoGbJDqL5k.jpg","Бухарестская, 30/32, ТРК Континент, фудкорт",30.370172,59.882968,"Фрунзенский район"
"350","id2096","Шаверма","https://pp.userapi.com/c636220/v636220597/1d635/nBsViWuu3Xw.jpg","Гренадерская, 22",30.347812,59.970333,"Выборгский район"
"351","id1029","Автомойка Каретная","https://pp.userapi.com/c636931/v636931647/7a50/yRa1-HeMZkM.jpg","Всеволожск, Приютинская, 9а",30.587428,60.012568,"Всеволожск"
"352","id1064","Лавка мясника","https://pp.userapi.com/c630825/v630825942/2b13d/OZiB1mO-Dbg.jpg","Сенная площадь",30.3181,59.927617,"Адмиралтейский район"
"353","id2144","Джордан Бургер","https://pp.userapi.com/c627824/v627824774/25bbe/kjz6is0PCOM.jpg","Колпинский переулок, 1",30.293924,59.960627,"Петроградский район"
"354","id2070","Шаверма","https://pp.userapi.com/c625126/v625126667/48594/HuOg9KCcjdk.jpg","Варшавская, 139",30.314716,59.852193,"Московский район"
"355","id2229","Айша","https://pp.userapi.com/c626325/v626325158/23452/wXLAJtHIfgs.jpg","Маршала Казакова, 35",30.206937,59.862494,"Красносельский район"
"356","id1074","Шаурма","https://pp.userapi.com/c622620/v622620991/43935/ZdWFJmf75IE.jpg","Рощино, Советская, 17",30.118136,59.783972,"Красносельский район"
"357","id2139","Вкусная шаверма","https://pp.userapi.com/c631426/v631426158/248dd/uUzCRt89hx4.jpg","Клинский проспект, 22",30.322648,59.914674,"Адмиралтейский район"
"358","id2177","Кафе Финляндского вокзала","https://pp.userapi.com/c629310/v629310755/3063b/9ljW-1OIySY.jpg","Ленина площадь, 6, Финляндский ж/д вокзал",30.357021,59.955935,"Калининский район"
"359","id2164","Шаверма","https://pp.userapi.com/c638921/v638921141/44ea6/22kfieNzJII.jpg","Крепостная, 47",30.261127,60.108255,NA
"360","id2181","Шаверма","-","Ленинский проспект, 116",30.248444,59.852553,"Кировский район"
"361","id2159","Шаверма","https://pp.userapi.com/c636022/v636022892/1824b/A6hp0HvJF-I.jpg","Косыгина проспект, 22",30.480892,59.945913,"Красногвардейский район"
"362","id2193","Burger kebab","https://pp.userapi.com/c637619/v637619476/1b371/mXgcpsHaq3o.jpg","Лесной проспект, 1а",30.353996,59.960488,"Калининский район"
"363","id2258","Бистро Хургада","https://pp.userapi.com/c638921/v638921141/44eca/QfjTv5snt1c.jpg","Набережная канала Грибоедова, 30-32Т",30.326613,59.932331,"Центральный район"
"364","id2180","Wrap Roll","https://pp.userapi.com/c630125/v630125284/4f01f/7N-zxSW31Tg.jpg","Ленинградская, 7",30.425457,59.724795,"Пушкинский район"
"365","id2389","У Лейлы","https://pp.userapi.com/c622031/v622031245/47933/5PFq30sUrCQ.jpg","Ярослава Гашека, 8",30.394214,59.833971,"Фрунзенский район"
"366","id2171","Шаверма у Лейлы","-","Купчинская, 23 к1 лит А",30.391348,59.833555,"Фрунзенский район"
"367","id1087","Шаверма","-","Стачек проспект, 75",30.259388,59.867258,"Кировский район"
"368","id2148","Шаверма","https://pp.userapi.com/c631117/v631117219/42d2f/gvwkZoCkCGI.jpg","Комендантский проспект, 26",30.251085,60.013631,"Приморский район"
"369","id2314","Свежая Выпечка","https://pp.userapi.com/c633730/v633730853/2c4a2/YUJuJA8NbPM.jpg","Суворовский проспект, 10а",30.36929,59.933728,"Центральный район"
"370","id2333","Хорас","https://pp.userapi.com/c636418/v636418388/260a9/rIBbaz-abu4.jpg","Труда площадь, 1",30.290835,59.932814,"Адмиралтейский район"
"371","id1037","Шаверма","-","Просвещения проспект, 88а",30.419603,60.035864,"Калининский район"
"372","id1023","Шаверма","-","Прибрежная, 20",30.505517,59.832107,"Невский район"
"373","id2084","ПирОГИ на Восстания","https://pp.userapi.com/c638921/v638921141/44e9d/vnrCYKKZC7s.jpg","Восстания, 55",30.361062,59.943465,"Центральный район"
"374","id2274","Шаверма","-","Невский проспект, 124",30.364677,59.930807,"Центральный район"
"375","id2240","Шаверма","-","Московский проспект, 103",30.317796,59.891608,"Московский район"
"376","id2069","Шаверма","https://pp.userapi.com/c622620/v622620790/3c763/6pzUN9L-MEA.jpg","Варшавская, 108г",30.316584,59.848898,"Московский район"
"377","id1024","Шаверма","-","Царское Село, Привокзальная площадь, 1",30.429269,59.722979,"Пушкинский район"
"378","id1019","Шаверма","https://pp.userapi.com/c629311/v629311241/3b737/JrLKrNYWrwA.jpg","пос. Понтонный, Александра Товпеко",30.628153,59.78403,"Колпинский район"
"379","id2152","Шаверма","https://pp.userapi.com/c633525/v633525342/2b8b3/BCWpOld9MGI.jpg","Константиновская, 130",29.915261,59.873909,"Петродворцовый район"
"380","id2348","Turkish kebab","https://pp.userapi.com/c604426/v604426084/20593/Z5dC0TcduB0.jpg","Финский переулок, 9",30.354987,59.956382,"Калининский район"
"381","id2038","Шаверма","https://pp.userapi.com/c631925/v631925150/2123b/nWsHdowj4q8.jpg","Богатырский проспект, 2а",30.294946,59.999444,"Приморский район"
"382","id2228","Аппетитная шаверма","https://pp.userapi.com/c631424/v631424288/10c93/M3qUUNmBLus.jpg","Маршала Казакова, 1",30.249214,59.860808,"Кировский район"
"383","id2285","Шаверма","https://pp.userapi.com/c626522/v626522111/18c9/XSovPRw4rL8.jpg","Новаторов бульвар, 71",30.253201,59.842112,"Кировский район"
"384","id1083","Amore","-","Старо-Петергофский проспект, 37",30.276788,59.903389,"Адмиралтейский район"
"385","id2046","Shawarma Mix","https://pp.userapi.com/c638517/v638517079/23854/nSrfeBDPrCg.jpg","Большая Морская, 13",30.31581,59.935331,"Центральный район"
"386","id2338","Шаверма","https://pp.userapi.com/c604528/v604528636/17c29/40K7rbp9LJs.jpg","Ударников проспект, 29а",30.477417,59.952679,"Красногвардейский район"
"387","id2092","Шаверма","https://pp.userapi.com/c638031/v638031013/c7ab/R0B4IqeZohA.jpg","Гражданский проспект, 39",30.396328,60.010419,"Калининский район"
"388","id1005","Аль-Шарк","https://pp.userapi.com/c633323/v633323541/3b372/FfcmZhPsNBw.jpg","Пионерская, 21, ТК Пионер, фудкорт",30.29072,59.958089,"Петроградский район"
"389","id2307","Шаверма","https://pp.userapi.com/c624131/v624131655/54e7d/P6Ol2quNq2k.jpg","Пестеля, 27",30.349486,59.942753,"Центральный район"
"390","id2380","Восточный базар","http://irecommend.ru/sites/default/files/product-images/14875/barnaul.jpg","Энгельса проспект, 154, ТРК Гранд Каньон, фудкорт",30.333926,60.058256,"Выборгский район"
"391","id2087","Шаверма","https://pp.userapi.com/c638031/v638031503/b972/HYaj2wBP7uI.jpg","Выборгское шоссе, 1б",30.319863,60.037051,"Выборгский район"
"392","id2104","Бистро","https://pp.userapi.com/c630317/v630317664/43202/qICM2_mvbko.jpg","Егорова, 15",30.31367,59.913001,"Адмиралтейский район"
"393","id2269","Бистро","https://pp.userapi.com/c622620/v622620353/4356d/DS3OYK1o45Y.jpg","Науки проспект, 28а",30.416204,60.00886,"Калининский район"
"394","id2009","Шаверма","https://pp.userapi.com/c622620/v622620245/49970/hRhqlrV11Vs.jpg","Авиаконструкторов проспект, 22а",30.232907,60.021005,"Приморский район"
"395","id2099","Маска","https://pp.userapi.com/c636623/v636623853/22f32/wqzzSoUu2wo.jpg","Декабристов, 46",30.289298,59.924606,"Адмиралтейский район"
"396","id1058","Шаверма","https://pp.userapi.com/c636528/v636528569/198e3/Zf5MBu4q_Rk.jpg","Санкт-Петербургское шоссе, 88",30.034257,59.852595,"Петродворцовый район"
"397","id2234","Шаверма","https://pp.userapi.com/c630125/v630125158/4b0dd/GWTSk6XHzRU.jpg","Мелитопольский переулок, 4",30.361861,59.944409,"Центральный район"
"398","id2355","Шаверма","https://pp.userapi.com/c629321/v629321126/1158e/PuLdEDKZK8A.jpg","Цветочная, 6",30.329696,59.892692,"Московский район"
"399","id2231","Павильон 33","-","Маршала Казакова, 35",30.206937,59.862494,"Красносельский район"
"400","id2117","Коко Шаурма","https://pp.userapi.com/c836434/v836434232/18405/W5UebmcZ1Y4.jpg","Заневский проспект, 73, Ладожский ж/д вокзал, фудкорт",30.441734,59.931698,"Красногвардейский район"
"401","id2056","Шаверма","-","Большой проспект В.О.",30.265949,59.93419,"Василеостровский район"
"402","id2287","Fish&Chips","-","Новосмоленская набережная, 1",30.224875,59.950137,"Василеостровский район"
"403","id2103","Бистро","https://pp.userapi.com/c631427/v631427360/28477/vnccIuAIJlk.jpg","Дыбенко, 16ж",30.470279,59.904213,"Невский район"
"404","id2204","Буррито","https://pp.userapi.com/c630221/v630221137/2b710/laqQhe70P6k.jpg","Лиговский проспект, 50 к2",30.362318,59.924914,"Центральный район"
"405","id2225","Шаверма","-","Маршала Захарова, 18 к1",30.173711,59.858163,"Красносельский район"
"406","id2146","Шаверма","-","Комендантский проспект, 12в",30.257938,60.007488,"Приморский район"
"407","id2135","Шаверма","https://pp.userapi.com/c638921/v638921141/44eee/2CQU9vfZ74Q.jpg","Кирочная, 17",30.359384,59.943548,"Центральный район"
"408","id2382","Самовар","https://pp.userapi.com/c836321/v836321121/25225/VrAuj_FMLKs.jpg","Энгельса проспект, 154, ТРК Гранд Каньон, фудкорт",30.333926,60.058256,"Выборгский район"
"409","id2174","Ланское, кафе","https://pp.userapi.com/c622329/v622329022/4f898/XH_aX_ZSg9c.jpg","Ланское шоссе, 12",30.308885,59.992517,"Приморский район"
"410","id2340","Шаверма","https://pp.userapi.com/c622620/v622620810/4aeed/FlUQ08ymc14.jpg","Удельный проспект, 2/2",30.31455,60.01636,"Выборгский район"
"411","id1038","Кафе 24 часа","https://pp.userapi.com/c638125/v638125219/1cedd/QTplK2IAQSU.jpg","Просвещения проспект, 21г",30.336156,60.052263,"Выборгский район"
"412","id1016","Peterburgers","https://pp.userapi.com/c629204/v629204158/3bd27/2-4Y8PxGmbU.jpg","Политехническая, 31",30.369956,60.009702,"Калининский район"
"413","id2034","Коре","-","Белоостровская, 27",30.315058,59.988234,"Приморский район"
"414","id2260","Мегаполис","-","Набережная Обводного канала, 122в",30.297982,59.908004,"Адмиралтейский район"
"415","id2205","Шаверма","https://pp.userapi.com/c627322/v627322651/394b5/WIUw8n3ZnIE.jpg","Лиговский проспект, 65",30.357976,59.927246,"Центральный район"
"416","id1042","Шаверма","https://pp.userapi.com/c637229/v637229926/17e/ELCDaCXkPlg.jpg","Разъезжая, 37",30.351243,59.922101,"Центральный район"
"417","id1041","Appetit","-","Петергоф, Разводная, 29",29.899515,59.874555,"Петродворцовый район"
"418","id1075","Шаверма","https://pp.userapi.com/c636117/v636117942/41b55/mILpEF3I_E8.jpg","Солидарности проспект, 11 к2",30.492417,59.920609,"Невский район"
"419","id2016","Шаверма","-","Алтайская, 1",30.319928,59.8491,"Московский район"
"420","id2372","Рим","https://pp.userapi.com/c629231/v629231618/223d4/EP6tkiCZcmQ.jpg","Энгельса проспект, 145 к1",30.338883,60.05552,"Выборгский район"
"421","id2061","Шаверма","https://pp.userapi.com/c623421/v623421583/407ad/2eH7a0yAilM.jpg","Будапештская, 41в",30.378586,59.856558,"Фрунзенский район"
"422","id2368","Шаверма","-","Шлиссельбургский проспект, 13",30.493162,59.83968,"Невский район"
"423","id2330","Бистро","https://pp.userapi.com/c630324/v630324583/2febc/nOZMhpLXZqw.jpg","Торфяная дорога, 2 к3",30.252439,59.989077,"Приморский район"
"424","id2252","Бистро","-","Муринский 2-й проспект, 3а",30.330553,60.00292,"Выборгский район"
"425","id2316","Счастливая шаверма","https://pp.userapi.com/c627721/v627721788/3a70a/kAFrvjsU7Wg.jpg","Счастливая, 17",30.273851,59.843555,"Кировский район"
"426","id2218","Шаверма","-","Малая Бухарестская, 10б",30.414172,59.848404,"Фрунзенский район"
"427","id2280","Демократ","-","Некрасова, 58",30.367754,59.938925,"Центральный район"
"428","id2158","Бистро Шаверма","https://pp.userapi.com/c621626/v621626794/3967f/uGQCnsUCeL0.jpg","Костюшко, 68",30.309255,59.845322,"Московский район"
"429","id2379","Али Баба","-","Энгельса проспект, 137а",30.334257,60.050774,"Выборгский район"
"430","id1032","Канарир","https://pp.userapi.com/c622620/v622620562/4dc5b/D-QRvP1t-DY.jpg","Просвещения проспект, 19а, ТРК Норд",30.332377,60.052299,"Выборгский район"
"431","id1028","Шаверма","https://pp.userapi.com/c636524/v636524090/4a0c8/0cYhEC4KtNA.jpg","Приозерское шоссе, 10 к1",30.251611,60.108808,"Выборгский район"
"432","id2149","Шаверма","https://pp.userapi.com/c837326/v837326471/1facb/JZhlIIWvzhI.jpg","Композиторов, 31а",30.31767,60.060512,"Выборгский район"
"433","id2013","Кафе","https://pp.userapi.com/c630331/v630331158/36927/0uKQPdSIvvY.jpg","Академика Крылова, 3",30.302817,59.985989,"Приморский район"
"434","id1007","Шаверма","-","Пискарёвка ст., 4",30.425584,59.987474,"Калининский район"
"435","id2029","Шаверма","-","Баррикадная, 28",30.261923,59.891349,"Кировский район"
"436","id2247","Рим","https://pp.userapi.com/c631424/v631424809/23df4/g1xAxHPFCPw.jpg","Московский проспект, 40",30.318496,59.914519,"Адмиралтейский район"
"437","id2359","Шаверма","https://pp.userapi.com/c627431/v627431481/26137/XwVMNHFYQzs.jpg","Черкасова, 4",30.420175,60.025725,"Калининский район"
"438","id2190","Шаверма","-","Ленсовета, 66/70",30.343336,59.836417,"Московский район"
"439","id1040","Бистро","https://pp.userapi.com/c633930/v633930561/4e20/bMipmoeiKtQ.jpg","Пушкин, Парковая, 26а",30.402588,59.710426,"Пушкинский район"
"440","id2082","Эйфория","https://pp.userapi.com/c626522/v626522428/1618/CjJYCiTlaD0.jpg","Восстания, 28",30.360093,59.939848,"Центральный район"
"441","id2036","Пятёрочка","-","Белы Куна, 41 к2",30.373919,59.869577,"Фрунзенский район"
"442","id2356","Шаверма Ларек","-","Чайковского, 21а",30.349086,59.946532,"Центральный район"
"443","id2169","Шаверма","https://pp.userapi.com/c627120/v627120843/3cc46/LUiJGVB75yI.jpg","Кузнецова проспект, 32 к2",30.18541,59.850249,"Красносельский район"
"444","id2344","Бистро","https://pp.userapi.com/c622620/v622620245/4748d/04nNmbbsGAM.jpg","Учебный переулок, 11Б",30.33218,60.039176,"Выборгский район"
"445","id2302","Шаверма","-","Павловск",30.460532,59.672122,"Пушкинский район"
"446","id2392","Шаверма Пироги","https://pp.userapi.com/c626327/v626327414/32da1/uM_sdCz51ZQ.jpg","6-я линия В.О., 27",30.279991,59.942591,"Василеостровский район"
"447","id2253","Шаверма","-","Мытнинская, 18",30.378012,59.934618,"Центральный район"
"448","id2163","Шаверма","-","Красных Курсантов бульвар, 63 к2",29.86348,59.878843,"Петродворцовый район"
"449","id2028","Шаурма","https://pp.userapi.com/c627930/v627930295/1fd17/IRCmVB8_4Yg.jpg","Балтийского вокзала площадь, 1д",30.29795,59.908195,"Адмиралтейский район"
"450","id2267","Шаверма","-","Науки проспект, 1а",30.368662,60.016348,"Калининский район"
"451","id2351","Шаверма 24","https://pp.userapi.com/c627120/v627120352/33dc1/FiH4LOE0N9E.jpg","Художников проспект, 10Б",30.342971,60.035736,"Выборгский район"
"452","id2151","Кафе Бистро","-","Кондратьевский проспект, 40",30.38537,59.96991,"Калининский район"
"453","id1001","Шаверма","http://cs625627.vk.me/v625627667/42b5f/U66FqgOm6jM.jpg","Новый Петергоф",29.924163,59.865389,"Петродворцовый район"
"454","id1008","Фалафель кебаб","https://pp.userapi.com/c638031/v638031034/e2f8/Nr8OayEXIDk.jpg","Пискарёвский проспект, 20",30.410589,59.970075,"Калининский район"
"455","id2308","Шаверма","-","Петергоф, Ботаническая, 18 к6",29.854448,59.869898,"Петродворцовый район"
"456","id2108","Шаверма бар","https://pp.userapi.com/c837331/v837331635/280fc/X4H51KZ8G04.jpg","Есенина, 12 к1",30.330215,60.039162,"Выборгский район"
"457","id2273","Бистро","https://pp.userapi.com/c604322/v604322420/1275e/4wi2Y9n0FNA.jpg","Невский проспект, 120",30.36364,59.930946,"Центральный район"
"458","id2138","Shawarma mix","https://pp.userapi.com/c625125/v625125667/4959b/eHt62bJNxVM.jpg","Кирпичный переулок, 3",30.31581,59.935331,"Центральный район"
"459","id2004","El Grano","https://pp.userapi.com/c636731/v636731187/d1e0/_mucv1D5U4M.jpg","4-я Красноармейская, 2",30.317269,59.913703,"Адмиралтейский район"
"460","id2250","YESть!","-","Моховая, 37",30.344809,59.940275,"Центральный район"
"461","id2059","Oasis","https://pp.userapi.com/c631628/v631628681/162f6/N0SzMFoLRHo.jpg","Боровая, 22",30.347646,59.91992,"Центральный район"
"462","id1034","Шаверма","https://pp.userapi.com/c628517/v628517110/14325/jT9sUfeqJ-M.jpg","Просвещения проспект, 32д",30.332145,60.053726,"Выборгский район"
"463","id2297","Шаверма","-","Одоевского, 33а",30.232511,59.948601,"Василеостровский район"
"464","id2391","Милена","-","Московский проспект, 197а",30.319928,59.8491,"Московский район"
"465","id2058","Столовая","https://pp.userapi.com/c622620/v622620158/4bbee/X7ujPEZNEq4.jpg","Большой Сампсониевский проспект, 28",30.343146,59.964832,"Выборгский район"
"466","id2112","Шаверма","https://pp.userapi.com/c629306/v629306261/edd0/oYzZe_Lvq_k.jpg","Железнодорожная, 40",30.422282,59.730859,"Пушкинский район"
"467","id2226","Ракита","-","Маршала Захарова, 34а",30.193973,59.854043,"Красносельский район"
"468","id2123","Шаверма","https://pp.userapi.com/c629228/v629228892/e8dd/zK-0Ocr_QoY.jpg","Индустриальный проспект, 34б",30.469975,59.952109,"Красногвардейский район"
"469","id2310","Шаверма","https://pp.userapi.com/c633628/v633628205/3ca64/b4n6-GvjA0M.jpg","Пилотов, 25",30.296874,59.813768,"Московский район"
"470","id2189","Шаверма","-","Ленсовета, 53а",30.331756,59.841823,"Московский район"
"471","id2062","Выпечка, Шаверма, Пирожки","https://pp.userapi.com/c627218/v627218583/15006/GBg7UQ9oS7s.jpg","Будапештская, 49",30.381686,59.853061,"Фрунзенский район"
"472","id2303","Шаверма","-","Павловск, Привокзальная площадь, 1",30.433249,59.693404,"Пушкинский район"
"473","id2017","Шаверма","-","Альпийский переулок, 30а киоск",30.387744,59.85426,"Фрунзенский район"
"474","id2178","Шаверма","-","Ленина проспект, 13 а",29.766428,59.997749,"Кронштадтский район"
"475","id2375","Репка","https://pp.userapi.com/c629515/v629515279/2c8fd/kgRH8JfU_5c.jpg","Энгельса проспект, 10 лит А",30.328166,60.000554,"Выборгский район"
"476","id2295","Шаверма","-","Обуховской Обороны проспект, 75а",30.425002,59.901204,"Невский район"
"477","id2213","Шаверма","-","Ломоносов, Победы, 11",29.772842,59.906983,"Петродворцовый район"
"478","id2075","Шаурма Кебаб","https://pp.userapi.com/c622620/v622620054/3cb0b/lOPpe4v0-3A.jpg","Ветеранов проспект, 16",30.254033,59.845662,"Кировский район"
"479","id1076","Шаверма","https://pp.userapi.com/c628430/v628430717/eac4/lePTPN3Tspo.jpg","Сосновый бор",NA,NA,NA
